{
    "meta-data": [
        {
            "yubi_standard_field_id": "Y6",
            "yubi_staindard_field_name": "Yubi_Application_Id",
            "isMandatory": false,
            "dataType": "String",
            "description": "Application Id generated by Yubi ULS stack"
        },
        {
            "yubi_standard_field_id": "YP5",
            "yubi_staindard_field_name": "Yubi_Product_Application_Id",
            "isMandatory": false,
            "dataType": "String",
            "description": "Application Id generated by Yubi standalone product"
        },
        {
            "yubi_standard_field_id": "A1",
            "yubi_staindard_field_name": "Client_Application_ID",
            "isMandatory": false,
            "dataType": "String",
            "description": "Client Application ID"
        }
    ]
}