{
    "meta-data": [
        {
            "yubi_standard_field_id": "CC1",
            "yubi_staindard_field_name": "Client_customer_ID",
            "isMandatory": true,
            "dataType": "String",
            "description": "Originator Customer ID"
        },
        {
            "yubi_standard_field_id": "Y1",
            "yubi_staindard_field_name": "Yubi_Borrower_ID",
            "isMandatory": false,
            "dataType": "String",
            "description": "Yubi Borrower ID"
        },
        {
            "yubi_standard_field_id": "YP1",
            "yubi_staindard_field_name": "Yubi_Product_Borrower_ID",
            "isMandatory": false,
            "dataType": "String",
            "description": "Borrower Id created in Yubi standalone product"
        },
        {
            "yubi_standard_field_id": "Y6",
            "yubi_staindard_field_name": "Yubi_Application_Id",
            "isMandatory": false,
            "dataType": "String",
            "description": "Application Id generated by Yubi ULS stack"
        },
        {
            "yubi_standard_field_id": "YP5",
            "yubi_staindard_field_name": "Yubi_Product_Application_Id",
            "isMandatory": false,
            "dataType": "String",
            "description": "Application Id generated by Yubi standalone product"
        },
        {
            "yubi_standard_field_id": "A1",
            "yubi_staindard_field_name": "Client_Application_ID",
            "isMandatory": false,
            "dataType": "String",
            "description": "Client Application ID"
        },
        {
            "yubi_standard_field_id": "Y7",
            "yubi_staindard_field_name": "Yubi_Loan_Id",
            "isMandatory": false,
            "dataType": "String",
            "description": "Loan  Id generated by Yubi ULS stack"
        },
        {
            "yubi_standard_field_id": "L1",
            "yubi_staindard_field_name": "Client_Loan_ID",
            "isMandatory": false,
            "dataType": "String",
            "description": "Client Loan ID"
        },
        {
            "yubi_standard_field_id": "YP6",
            "yubi_staindard_field_name": "Yubi_Product_Loan_Id",
            "isMandatory": false,
            "dataType": "String",
            "description": "Loan Id generated by Yubi standalone product"
        },
        {
            "yubi_standard_field_id": "Y8",
            "yubi_staindard_field_name": "Yubi_Tranche_Id",
            "isMandatory": false,
            "dataType": "String",
            "description": "Yubi Tranche ID"
        },
        {
            "yubi_standard_field_id": "Y9",
            "yubi_staindard_field_name": "Yubi_Limit_id",
            "isMandatory": true,
            "dataType": "String",
            "description": "Yubi LImit id"
        }
    ]
}