{
    "meta-data": [
        {
            "yubi_standard_field_id": "CC1",
            "yubi_staindard_field_name": "Client_customer_ID",
            "isMandatory": true,
            "dataType": "String",
            "description": "Originator Customer ID"
        },
        {
            "yubi_standard_field_id": "Y1",
            "yubi_staindard_field_name": "Yubi_Borrower_ID",
            "isMandatory": false,
            "dataType": "String",
            "description": "Yubi Borrower ID"
        },
        {
            "yubi_standard_field_id": "YP1",
            "yubi_staindard_field_name": "Yubi_Product_Borrower_ID",
            "isMandatory": false,
            "dataType": "String",
            "description": "Borrower Id created in Yubi standalone product"
        },
        {
            "yubi_standard_field_id": "H2",
            "yubi_staindard_field_name": "Engagement_ID",
            "isMandatory": true,
            "dataType": "String",
            "description": "Engagement ID of the Product"
        },
        {
            "yubi_standard_field_id": "Y3",
            "yubi_staindard_field_name": "Yubi_Borrower_status",
            "isMandatory": true,
            "dataType": "String",
            "description": "Borrower status in YUBI ULS stack"
        },
        {
            "yubi_standard_field_id": "YP2",
            "yubi_staindard_field_name": "Yubi_Product_Borrower_Status",
            "isMandatory": false,
            "dataType": "String",
            "description": "Borrower status in YUBI product"
        },
        {
            "yubi_standard_field_id": "Y4",
            "yubi_staindard_field_name": "Yubi_borrower_Creation_date",
            "isMandatory": false,
            "dataType": "String",
            "description": "Borrower Creation date in YUBI ULS stack"
        },
        {
            "yubi_standard_field_id": "Y5",
            "yubi_staindard_field_name": "Yubi_Document_Id",
            "isMandatory": false,
            "dataType": "String",
            "description": "Doc Id generated by Yubi"
        },
        {
            "yubi_standard_field_id": "Y6",
            "yubi_staindard_field_name": "Yubi_Application_Id",
            "isMandatory": false,
            "dataType": "String",
            "description": "Application Id generated by Yubi ULS stack"
        },
        {
            "yubi_standard_field_id": "Y7",
            "yubi_staindard_field_name": "Yubi_Loan_Id",
            "isMandatory": false,
            "dataType": "String",
            "description": "Loan  Id generated by Yubi ULS stack"
        },
        {
            "yubi_standard_field_id": "YP4",
            "yubi_staindard_field_name": "Yubi_product_Document_Id",
            "isMandatory": false,
            "dataType": "String",
            "description": "Doc Id generated by Yubi standalone product"
        },
        {
            "yubi_standard_field_id": "YP5",
            "yubi_staindard_field_name": "Yubi_Product_Application_Id",
            "isMandatory": false,
            "dataType": "String",
            "description": "Application Id generated by Yubi standalone product"
        },
        {
            "yubi_standard_field_id": "YP6",
            "yubi_staindard_field_name": "Yubi_Product_Loan_Id",
            "isMandatory": false,
            "dataType": "String",
            "description": "Loan Id generated by Yubi standalone product"
        },
        {
            "yubi_standard_field_id": "A1",
            "yubi_staindard_field_name": "Client_Application_ID",
            "isMandatory": false,
            "dataType": "String",
            "description": "Client Application ID"
        },
        {
            "yubi_standard_field_id": "L1",
            "yubi_staindard_field_name": "Client_Loan_ID",
            "isMandatory": false,
            "dataType": "String",
            "description": "Client Loan ID"
        },
        {
            "yubi_standard_field_id": "D3",
            "yubi_staindard_field_name": "doc_id",
            "isMandatory": true,
            "dataType": "String",
            "description": "Unique identifier for the document"
        }
    ]
}