{
    "meta-data": [
        {
            "yubi_standard_field_id": "H1",
            "yubi_staindard_field_name": "originator_ID",
            "isMandatory": true,
            "dataType": "String",
            "description": "Originator ID that is generated by Yubi"
        },
        {
            "yubi_standard_field_id": "CC1",
            "yubi_staindard_field_name": "Client_customer_ID",
            "isMandatory": true,
            "dataType": "String",
            "description": "Originator Customer ID"
        },
        {
            "yubi_standard_field_id": "A1",
            "yubi_staindard_field_name": "Client_Application_ID",
            "isMandatory": false,
            "dataType": "String",
            "description": "Client Application ID"
        },
        {
            "yubi_standard_field_id": "L1",
            "yubi_staindard_field_name": "Client_Loan_ID",
            "isMandatory": false,
            "dataType": "String",
            "description": "Client Loan ID"
        }
    ],
    "Documents": [
        {
            "yubi_standard_field_id": "D1",
            "yubi_staindard_field_name": "source",
            "isMandatory": false,
            "dataType": "String",
            "description": "Name of the source of document"
        },
        {
            "yubi_standard_field_id": "D2",
            "yubi_staindard_field_name": "sourceType",
            "isMandatory": false,
            "dataType": "String",
            "description": "Category of the source"
        },
        {
            "yubi_standard_field_id": "D3",
            "yubi_staindard_field_name": "doc_id",
            "isMandatory": true,
            "dataType": "String",
            "description": "Unique identifier for the document"
        },
        {
            "yubi_standard_field_id": "D4",
            "yubi_staindard_field_name": "format",
            "isMandatory": false,
            "dataType": "String",
            "description": ""
        },
        {
            "yubi_standard_field_id": "D5",
            "yubi_staindard_field_name": "type",
            "isMandatory": true,
            "dataType": "String",
            "description": ""
        },
        {
            "yubi_standard_field_id": "D6",
            "yubi_staindard_field_name": "url",
            "isMandatory": true,
            "dataType": "String",
            "description": "Any one of URL or data to be present"
        },
        {
            "yubi_standard_field_id": "D7",
            "yubi_staindard_field_name": "data",
            "isMandatory": false,
            "dataType": "String",
            "description": "Any one of URL or data to be present"
        },
        {
            "yubi_standard_field_id": "D8",
            "yubi_staindard_field_name": "issueDate",
            "isMandatory": false,
            "dataType": "String",
            "description": "Issue date of document"
        },
        {
            "yubi_standard_field_id": "D9",
            "yubi_staindard_field_name": "expiryDate",
            "isMandatory": false,
            "dataType": "Date",
            "description": "Expiry date of document if applicable"
        },
        {
            "yubi_standard_field_id": "D10",
            "yubi_staindard_field_name": "issuingAuthority",
            "isMandatory": false,
            "dataType": "String",
            "description": "Issuing Authority of the Document"
        },
        {
            "yubi_standard_field_id": "D11",
            "yubi_staindard_field_name": "password",
            "isMandatory": false,
            "dataType": "String",
            "description": "Password if the document is protected"
        }
    ],
    "zip": [
        {
            "yubi_standard_field_id": "D12",
            "yubi_staindard_field_name": "url",
            "isMandatory": false,
            "dataType": "String",
            "description": "URL of the link "
        },
        {
            "yubi_standard_field_id": "D13",
            "yubi_staindard_field_name": "data",
            "isMandatory": false,
            "dataType": "String",
            "description": "base 64 encoded data"
        }
    ]
}