{
    "meta-data": [
        {
            "yubi_standard_field_id": "H1",
            "yubi_staindard_field_name": "originator_ID",
            "isMandatory": true,
            "dataType": "String",
            "description": "Originator ID that is generated by Yubi"
        },
        {
            "yubi_standard_field_id": "CC1",
            "yubi_staindard_field_name": "Client_customer_ID",
            "isMandatory": true,
            "dataType": "String",
            "description": "Originator Customer ID"
        }
    ],
    "phone": [
        {
            "yubi_standard_field_id": "C1",
            "yubi_staindard_field_name": "type",
            "isMandatory": true,
            "dataType": "String",
            "description": "Phone type of the Borrower"
        },
        {
            "yubi_standard_field_id": "C2",
            "yubi_staindard_field_name": "Number",
            "isMandatory": true,
            "dataType": "Number",
            "description": "Phone Number of the Borrrower"
        },
        {
            "yubi_standard_field_id": "C3",
            "yubi_staindard_field_name": "Area Code",
            "isMandatory": false,
            "dataType": "Number",
            "description": "Area Code if it is Landline number"
        },
        {
            "yubi_standard_field_id": "C4",
            "yubi_staindard_field_name": "is preferred",
            "isMandatory": false,
            "dataType": "String",
            "description": "Is it the preferred phone number"
        }
    ],
    "email": [
        {
            "yubi_standard_field_id": "C5",
            "yubi_staindard_field_name": "type",
            "isMandatory": true,
            "dataType": "String",
            "description": "Email type of the Borrower"
        },
        {
            "yubi_standard_field_id": "C6",
            "yubi_staindard_field_name": "id",
            "isMandatory": true,
            "dataType": "String",
            "description": "Email id of the Borrrower"
        },
        {
            "yubi_standard_field_id": "C7",
            "yubi_staindard_field_name": "is preferred",
            "isMandatory": false,
            "dataType": "String",
            "description": "Is it the preferred phone number"
        }
    ],
    "address": [
        {
            "yubi_standard_field_id": "C8",
            "yubi_staindard_field_name": "addressType",
            "isMandatory": true,
            "dataType": "String",
            "description": "Address type of Borrower"
        },
        {
            "yubi_standard_field_id": "C9",
            "yubi_staindard_field_name": "ownershipType",
            "isMandatory": true,
            "dataType": "String",
            "description": "Ownership type of Borrower"
        },
        {
            "yubi_standard_field_id": "C10",
            "yubi_staindard_field_name": "Area_type",
            "isMandatory": false,
            "dataType": "String",
            "description": "Urban/Rural/Tier-1,Tier-2/Metropoliton"
        },
        {
            "yubi_standard_field_id": "C11",
            "yubi_staindard_field_name": "Addres Line 1",
            "isMandatory": true,
            "dataType": "String",
            "description": "Address line 1"
        },
        {
            "yubi_standard_field_id": "C12",
            "yubi_staindard_field_name": "Addres Line 2",
            "isMandatory": false,
            "dataType": "String",
            "description": "Address line 1"
        },
        {
            "yubi_standard_field_id": "C13",
            "yubi_staindard_field_name": "Addres Line 3",
            "isMandatory": false,
            "dataType": "String",
            "description": "Address line 1"
        },
        {
            "yubi_standard_field_id": "C14",
            "yubi_staindard_field_name": "Geo-Location",
            "isMandatory": false,
            "dataType": "String",
            "description": "Latitude \u0026 Longitude of the address"
        },
        {
            "yubi_standard_field_id": "C15",
            "yubi_staindard_field_name": "pincode",
            "isMandatory": true,
            "dataType": "Number",
            "description": "Pincode"
        },
        {
            "yubi_standard_field_id": "C16",
            "yubi_staindard_field_name": "city",
            "isMandatory": true,
            "dataType": "String",
            "description": "city/district of the address"
        },
        {
            "yubi_standard_field_id": "C17",
            "yubi_staindard_field_name": "state",
            "isMandatory": true,
            "dataType": "String",
            "description": "State"
        },
        {
            "yubi_standard_field_id": "C18",
            "yubi_staindard_field_name": "country",
            "isMandatory": true,
            "dataType": "String",
            "description": "Country"
        },
        {
            "yubi_standard_field_id": "C19",
            "yubi_staindard_field_name": "Yearsofstayinaddress",
            "isMandatory": false,
            "dataType": "String",
            "description": "No.of years stayed in the address"
        }
    ]
}