{
    "meta-data": [
        {
            "yubi_standard_field_id": "H1",
            "yubi_staindard_field_name": "Originator_ID",
            "isMandatory": true,
            "dataType": "String",
            "description": "Originator ID"
        },
        {
            "yubi_standard_field_id": "A1",
            "yubi_staindard_field_name": "Client_Application_ID",
            "isMandatory": true,
            "dataType": "String",
            "description": "Client Application ID"
        },
        {
            "yubi_standard_field_id": "L1",
            "yubi_staindard_field_name": "Client_Loan_ID",
            "isMandatory": true,
            "dataType": "String",
            "description": "Client Loan ID"
        },
        {
            "yubi_standard_field_id": "H2",
            "yubi_staindard_field_name": "Engagement_ID",
            "isMandatory": true,
            "dataType": "String",
            "description": "Engagement ID of the Product"
        }
    ],
    "Bureau": [
        {
            "yubi_standard_field_id": "LB1",
            "yubi_staindard_field_name": "Bureau Type",
            "isMandatory": false,
            "dataType": "String",
            "description": "Type of the Bureau"
        },
        {
            "yubi_standard_field_id": "LB2",
            "yubi_staindard_field_name": "Bureau Name",
            "isMandatory": false,
            "dataType": "String",
            "description": "Name of the Bureau"
        },
        {
            "yubi_standard_field_id": "LB3",
            "yubi_staindard_field_name": "Bureau Score",
            "isMandatory": false,
            "dataType": "Number",
            "description": "Bureau Score"
        },
        {
            "yubi_standard_field_id": "LB4",
            "yubi_staindard_field_name": "Bureau Vintage",
            "isMandatory": false,
            "dataType": "Number",
            "description": "Vintage in the bureau. Number of years from the first trade line"
        },
        {
            "yubi_standard_field_id": "LB5",
            "yubi_staindard_field_name": "Partner score on the customer",
            "isMandatory": false,
            "dataType": "Number",
            "description": "Partner score on the customer based on Bureau"
        }
    ],
    "Extensions": [
        {
            "yubi_standard_field_id": "LB6",
            "yubi_staindard_field_name": "Key",
            "isMandatory": false,
            "dataType": "String",
            "description": "Extension Keys"
        },
        {
            "yubi_standard_field_id": "LB7",
            "yubi_staindard_field_name": "Value",
            "isMandatory": false,
            "dataType": "String",
            "description": "Extension Value"
        }
    ]
}