{
    "meta-data": [
        {
            "yubi_standard_field_id": "H1",
            "yubi_staindard_field_name": "originator_ID",
            "isMandatory": true,
            "dataType": "String",
            "description": "Originator ID that is generated by Yubi"
        },
        {
            "yubi_standard_field_id": "CC1",
            "yubi_staindard_field_name": "Client_customer_ID",
            "isMandatory": true,
            "dataType": "String",
            "description": "Originator Customer ID"
        },
        {
            "yubi_standard_field_id": "CC2",
            "yubi_staindard_field_name": "customerType",
            "isMandatory": true,
            "dataType": "String",
            "description": "Type of the customer, Can be individual, organisation, Group"
        }
    ],
    "identity": [
        {
            "yubi_standard_field_id": "CC3",
            "yubi_staindard_field_name": "identifierType",
            "isMandatory": true,
            "dataType": "String",
            "description": "Type of KYC of the Customer"
        },
        {
            "yubi_standard_field_id": "CC4",
            "yubi_staindard_field_name": "identifier",
            "isMandatory": true,
            "dataType": "String",
            "description": "KYC Details of the customer of the above type"
        },
        {
            "yubi_standard_field_id": "CC5",
            "yubi_staindard_field_name": "issuing country",
            "isMandatory": false,
            "dataType": "String",
            "description": "Issuing Country in where the identity given"
        },
        {
            "yubi_standard_field_id": "CLO13",
            "yubi_staindard_field_name": "identifierType",
            "isMandatory": true,
            "dataType": "String",
            "description": "Type of KYC of the Customer"
        },
        {
            "yubi_standard_field_id": "CLO14",
            "yubi_staindard_field_name": "identifier",
            "isMandatory": true,
            "dataType": "String",
            "description": "KYC Details of the customer of the above type"
        }
    ],
    "Customer Demographics": [
        {
            "yubi_standard_field_id": "CLO1",
            "yubi_staindard_field_name": "name",
            "isMandatory": true,
            "dataType": "String",
            "description": "Fist Name of the company"
        },
        {
            "yubi_standard_field_id": "CLO2",
            "yubi_staindard_field_name": "constitution",
            "isMandatory": true,
            "dataType": "String",
            "description": "Type of Constitution"
        },
        {
            "yubi_standard_field_id": "CLO3",
            "yubi_staindard_field_name": "dateOfIncorporation",
            "isMandatory": true,
            "dataType": "Date",
            "description": "Date of Incorporation of the constitution"
        },
        {
            "yubi_standard_field_id": "CLO4",
            "yubi_staindard_field_name": "placeOfIncorporation",
            "isMandatory": true,
            "dataType": "String",
            "description": "Place of Incorporation of Constitution"
        },
        {
            "yubi_standard_field_id": "CLO5",
            "yubi_staindard_field_name": "countryOfIncorporation",
            "isMandatory": true,
            "dataType": "String",
            "description": "Country of Incorporation of Constitution"
        },
        {
            "yubi_standard_field_id": "CLO6",
            "yubi_staindard_field_name": "industryType",
            "isMandatory": true,
            "dataType": "String",
            "description": "Industry Type of Constitution"
        },
        {
            "yubi_standard_field_id": "CLO7",
            "yubi_staindard_field_name": "sectorType",
            "isMandatory": true,
            "dataType": "String",
            "description": "Sector Type of Constitution"
        },
        {
            "yubi_standard_field_id": "CLO8",
            "yubi_staindard_field_name": "subSectorType",
            "isMandatory": true,
            "dataType": "String",
            "description": "Sub Sector Type of Constitution"
        },
        {
            "yubi_standard_field_id": "CLO9",
            "yubi_staindard_field_name": "vinatage",
            "isMandatory": true,
            "dataType": "Float",
            "description": "Vintage of Constitution"
        }
    ],
    "authorizedPersonnel": [
        {
            "yubi_standard_field_id": "CLO10",
            "yubi_staindard_field_name": "type",
            "isMandatory": true,
            "dataType": "String",
            "description": "Type of Authorised Personnel"
        },
        {
            "yubi_standard_field_id": "CLO11",
            "yubi_staindard_field_name": "name",
            "isMandatory": true,
            "dataType": "String",
            "description": "Name of Authorised Personnel"
        },
        {
            "yubi_standard_field_id": "CLO12",
            "yubi_staindard_field_name": "ID of the Person",
            "isMandatory": true,
            "dataType": "String",
            "description": "Unique ID of Authorised Personnel"
        }
    ],
    "income": [
        {
            "yubi_standard_field_id": "CLO15",
            "yubi_staindard_field_name": "annualTurnover",
            "isMandatory": true,
            "dataType": "Float",
            "description": "Annual Turnover of Constitution"
        },
        {
            "yubi_standard_field_id": "CLO16",
            "yubi_staindard_field_name": "annualNetProfit",
            "isMandatory": true,
            "dataType": "Float",
            "description": "Annual Net Profit of Constitution"
        }
    ]
}