{
    "meta-data": [
        {
            "yubi_standard_field_id": "H1",
            "yubi_staindard_field_name": "Originator_ID",
            "isMandatory": true,
            "dataType": "String",
            "description": "Originator ID"
        },
        {
            "yubi_standard_field_id": "H2",
            "yubi_staindard_field_name": "Engagement_ID",
            "isMandatory": true,
            "dataType": "String",
            "description": "Engagement ID of the Product"
        }
    ],
    "Settlement": [
        {
            "yubi_standard_field_id": "PS1",
            "yubi_staindard_field_name": "Instrument_type",
            "isMandatory": false,
            "dataType": "String",
            "description": "Payment_Mode"
        },
        {
            "yubi_standard_field_id": "PS2",
            "yubi_staindard_field_name": "Reference_Id",
            "isMandatory": false,
            "dataType": "String",
            "description": "Unique id of originator for the Payment"
        },
        {
            "yubi_standard_field_id": "PS3",
            "yubi_staindard_field_name": "Investor_UTR",
            "isMandatory": true,
            "dataType": "String",
            "description": "UTR number for the transaction"
        },
        {
            "yubi_standard_field_id": "PS4",
            "yubi_staindard_field_name": "Investor_transfer_date",
            "isMandatory": true,
            "dataType": "Date",
            "description": "Date of the Transaction"
        },
        {
            "yubi_standard_field_id": "PS5",
            "yubi_staindard_field_name": "Amount",
            "isMandatory": true,
            "dataType": "Float",
            "description": "Amount of the Transaction"
        },
        {
            "yubi_standard_field_id": "PS6",
            "yubi_staindard_field_name": "payment_ID",
            "isMandatory": true,
            "dataType": "String",
            "description": "Payment_Id of the collections"
        }
    ]
}