{
    "meta-data": [
        {
            "yubi_standard_field_id": "H1",
            "yubi_staindard_field_name": "Originator_ID",
            "isMandatory": true,
            "dataType": "String",
            "description": "Originator ID"
        },
        {
            "yubi_standard_field_id": "A1",
            "yubi_staindard_field_name": "Client_Application_ID",
            "isMandatory": true,
            "dataType": "String",
            "description": "Client Application ID"
        },
        {
            "yubi_standard_field_id": "H2",
            "yubi_staindard_field_name": "Engagement_ID",
            "isMandatory": true,
            "dataType": "String",
            "description": "Engagement ID of the Product"
        },
        {
            "yubi_standard_field_id": "L1",
            "yubi_staindard_field_name": "Client_Loan_ID",
            "isMandatory": true,
            "dataType": "String",
            "description": "Client Loan ID"
        }
    ],
    "Collection": [
        {
            "yubi_standard_field_id": "COL1",
            "yubi_staindard_field_name": "ID",
            "isMandatory": true,
            "dataType": "String",
            "description": "Unique ID for the collection"
        },
        {
            "yubi_standard_field_id": "COL2",
            "yubi_staindard_field_name": "Installment_Due_date",
            "isMandatory": false,
            "dataType": "Date",
            "description": "Due Date of the Instalment"
        },
        {
            "yubi_standard_field_id": "COL3",
            "yubi_staindard_field_name": "Installment_Number",
            "isMandatory": false,
            "dataType": "Number",
            "description": "Installment number"
        },
        {
            "yubi_standard_field_id": "COL4",
            "yubi_staindard_field_name": "Principal",
            "isMandatory": true,
            "dataType": "Float",
            "description": "Total principal amount paid for this installment"
        },
        {
            "yubi_standard_field_id": "COL5",
            "yubi_staindard_field_name": "Interest",
            "isMandatory": true,
            "dataType": "Float",
            "description": "Total interest amount paid for this installement"
        },
        {
            "yubi_standard_field_id": "COL6",
            "yubi_staindard_field_name": "Overdue_Interest",
            "isMandatory": false,
            "dataType": "Float",
            "description": "Total overdue interest paid"
        },
        {
            "yubi_standard_field_id": "COL7",
            "yubi_staindard_field_name": "Total_Amount",
            "isMandatory": true,
            "dataType": "Float",
            "description": "Total Collections amount"
        },
        {
            "yubi_standard_field_id": "COL8",
            "yubi_staindard_field_name": "UTR_number",
            "isMandatory": true,
            "dataType": "String",
            "description": "UTR number of the transaction"
        },
        {
            "yubi_standard_field_id": "COL9",
            "yubi_staindard_field_name": "Reference_number",
            "isMandatory": false,
            "dataType": "Number",
            "description": "Refernce number of the transaction"
        },
        {
            "yubi_standard_field_id": "COL10",
            "yubi_staindard_field_name": "Customer_paid_Date",
            "isMandatory": true,
            "dataType": "Date",
            "description": "Date of the customer payment/Value Date"
        },
        {
            "yubi_standard_field_id": "COL11",
            "yubi_staindard_field_name": "Settlement_date",
            "isMandatory": false,
            "dataType": "Date",
            "description": "Date when it is settled to originator from payment_gateways"
        },
        {
            "yubi_standard_field_id": "COL12",
            "yubi_staindard_field_name": "payment_type",
            "isMandatory": true,
            "dataType": "String",
            "description": "Type of the Payment"
        },
        {
            "yubi_standard_field_id": "COL13",
            "yubi_staindard_field_name": "Principal_waiver",
            "isMandatory": false,
            "dataType": "Float",
            "description": "Principal Waiver if any"
        },
        {
            "yubi_standard_field_id": "COL14",
            "yubi_staindard_field_name": "Interest_waiver",
            "isMandatory": false,
            "dataType": "Float",
            "description": "Interest Waiver if any"
        },
        {
            "yubi_standard_field_id": "COL15",
            "yubi_staindard_field_name": "EMI_closed",
            "isMandatory": true,
            "dataType": "String",
            "description": "Staus of the instalment closure"
        },
        {
            "yubi_standard_field_id": "COL16",
            "yubi_staindard_field_name": "Opening_Principal_outstanding",
            "isMandatory": false,
            "dataType": "Float",
            "description": "Opening POS before the collection"
        },
        {
            "yubi_standard_field_id": "COL17",
            "yubi_staindard_field_name": "Opening_Advance_outstanding",
            "isMandatory": false,
            "dataType": "Float",
            "description": "Opening AOS before the collection"
        }
    ],
    "Collection.charges": [
        {
            "yubi_standard_field_id": "COL18",
            "yubi_staindard_field_name": "type",
            "isMandatory": false,
            "dataType": "String",
            "description": "Type of the Collection Charge"
        },
        {
            "yubi_standard_field_id": "COL19",
            "yubi_staindard_field_name": "Amount",
            "isMandatory": false,
            "dataType": "Float",
            "description": "Amount of the Collection charge"
        }
    ]
}