{
    "meta-data": [
        {
            "yubi_standard_field_id": "H1",
            "yubi_staindard_field_name": "originator_ID",
            "isMandatory": true,
            "dataType": "String",
            "description": "Originator ID that is generated by Yubi"
        },
        {
            "yubi_standard_field_id": "CC1",
            "yubi_staindard_field_name": "Client_customer_ID",
            "isMandatory": true,
            "dataType": "String",
            "description": "Originator Customer ID of the borrower"
        },
        {
            "yubi_standard_field_id": "A1",
            "yubi_staindard_field_name": "Client_Application_ID",
            "isMandatory": true,
            "dataType": "String",
            "description": "Client Application ID"
        }
    ],
    "Consent Details": [
        {
            "yubi_standard_field_id": "CS1",
            "yubi_staindard_field_name": "Consent Date",
            "isMandatory": true,
            "dataType": "String",
            "description": "Time in Seconds format"
        },
        {
            "yubi_standard_field_id": "CS2",
            "yubi_staindard_field_name": "Consent_for",
            "isMandatory": true,
            "dataType": "String",
            "description": "Purpose of the Consent"
        },
        {
            "yubi_standard_field_id": "CS3",
            "yubi_staindard_field_name": "I.P Address",
            "isMandatory": false,
            "dataType": "String",
            "description": "I.P address of the Borrower"
        },
        {
            "yubi_standard_field_id": "CS4",
            "yubi_staindard_field_name": "Remarks",
            "isMandatory": false,
            "dataType": "String",
            "description": "Remarks if any"
        }
    ]
}