{
    "meta-data": [
        {
            "yubi_standard_field_id": "H1",
            "yubi_staindard_field_name": "originator_ID",
            "isMandatory": true,
            "dataType": "String",
            "description": "Originator ID that is generated by Yubi"
        },
        {
            "yubi_standard_field_id": "CC1",
            "yubi_staindard_field_name": "Client_customer_ID",
            "isMandatory": true,
            "dataType": "String",
            "description": "Originator Customer ID of the borrower"
        }
    ],
    "Verify KYC": [
        {
            "yubi_standard_field_id": "VK1",
            "yubi_staindard_field_name": "CKYC_ID",
            "isMandatory": false,
            "dataType": "String",
            "description": "CKYC ID of the customer"
        },
        {
            "yubi_standard_field_id": "VK2",
            "yubi_staindard_field_name": "CKYC_DATE_OF_birth",
            "isMandatory": false,
            "dataType": "Date format",
            "description": "Date of birth in DD/MM/YYYY, used for performing CKYC"
        },
        {
            "yubi_standard_field_id": "VK3",
            "yubi_staindard_field_name": "CKYC_PAN_NUMBER ",
            "isMandatory": false,
            "dataType": "String",
            "description": "PAN number of customer, used for performing CKYC "
        },
        {
            "yubi_standard_field_id": "VK4",
            "yubi_staindard_field_name": "CKYC_MOBILE NUMBER ",
            "isMandatory": false,
            "dataType": "Number",
            "description": "Mobile number of the customer; 10 digits, used for performing CKYC"
        },
        {
            "yubi_standard_field_id": "VK5",
            "yubi_staindard_field_name": "CKYC_PERMANENT_PINCODE",
            "isMandatory": false,
            "dataType": "Number",
            "description": "Permanent pincode of the customer, used for performing CKYC"
        },
        {
            "yubi_standard_field_id": "VK6",
            "yubi_staindard_field_name": "CKYC_PASSPORT_NUMBER",
            "isMandatory": false,
            "dataType": "String",
            "description": "Passport Number of the customer, used for performing CKYC"
        },
        {
            "yubi_standard_field_id": "VK7",
            "yubi_staindard_field_name": "CKYC_DL_NUMBER",
            "isMandatory": false,
            "dataType": "String",
            "description": "Driving License Number of customer, used for performing CKYC"
        },
        {
            "yubi_standard_field_id": "VK8",
            "yubi_staindard_field_name": "CKYC_VOTERID_NUMBER",
            "isMandatory": false,
            "dataType": "String",
            "description": "VoterID Number of customer, used for performing CKYC"
        },
        {
            "yubi_standard_field_id": "VK9",
            "yubi_staindard_field_name": "CKYC_Action_trigger",
            "isMandatory": true,
            "dataType": "String",
            "description": "SEARCH/DOWNLOAD Trigger to initiate the CKYC search flow via CA"
        }
    ]
}